{
  "backprop" : true,
  "backpropType" : "Standard",
  "cacheMode" : "NONE",
  "confs" : [ {
    "cacheMode" : "NONE",
    "iterationCount" : 0,
    "l1ByParam" : {
      "b" : 0.0,
      "W" : 0.0
    },
    "l2ByParam" : {
      "b" : 0.0,
      "W" : 5.0E-4
    },
    "layer" : {
      "convolution" : {
        "activationFn" : {
          "ReLU" : { }
        },
        "adamMeanDecay" : "NaN",
        "adamVarDecay" : "NaN",
        "biasInit" : 0.0,
        "biasLearningRate" : 0.02,
        "convolutionMode" : "Truncate",
        "cudnnAlgoMode" : "PREFER_FASTEST",
        "cudnnBwdDataAlgo" : null,
        "cudnnBwdFilterAlgo" : null,
        "cudnnFwdAlgo" : null,
        "dist" : {
          "type" : "org.deeplearning4j.nn.conf.distribution.NormalDistribution",
          "mean" : 0.0,
          "std" : 0.01
        },
        "dropOut" : 0.5,
        "epsilon" : "NaN",
        "gradientNormalization" : "RenormalizeL2PerLayer",
        "gradientNormalizationThreshold" : 1.0,
        "iupdater" : {
          "@class" : "org.nd4j.linalg.learning.config.Nesterovs",
          "learningRate" : 0.01,
          "momentum" : 0.9
        },
        "kernelSize" : [ 11, 11 ],
        "l1" : 0.0,
        "l1Bias" : 0.0,
        "l2" : 5.0E-4,
        "l2Bias" : 0.0,
        "layerName" : "cnn1",
        "learningRate" : 0.01,
        "learningRateSchedule" : null,
        "momentum" : 0.9,
        "momentumSchedule" : { },
        "nin" : 3,
        "nout" : 64,
        "padding" : [ 2, 2 ],
        "rho" : "NaN",
        "rmsDecay" : "NaN",
        "stride" : [ 4, 4 ],
        "updater" : "NESTEROVS",
        "weightInit" : "DISTRIBUTION"
      }
    },
    "leakyreluAlpha" : 0.0,
    "learningRateByParam" : {
      "b" : 0.02,
      "W" : 0.01
    },
    "learningRatePolicy" : "None",
    "lrPolicyDecayRate" : "NaN",
    "lrPolicyPower" : "NaN",
    "lrPolicySteps" : "NaN",
    "maxNumLineSearchIterations" : 5,
    "miniBatch" : false,
    "minimize" : true,
    "numIterations" : 1,
    "optimizationAlgo" : "STOCHASTIC_GRADIENT_DESCENT",
    "pretrain" : false,
    "seed" : 42,
    "stepFunction" : null,
    "useDropConnect" : false,
    "useRegularization" : true,
    "variables" : [ "W", "b" ]
  }, {
    "cacheMode" : "NONE",
    "iterationCount" : 0,
    "l1ByParam" : { },
    "l2ByParam" : { },
    "layer" : {
      "subsampling" : {
        "convolutionMode" : "Truncate",
        "dropOut" : 0.5,
        "eps" : 1.0E-8,
        "kernelSize" : [ 3, 3 ],
        "layerName" : "maxpool1",
        "padding" : [ 1, 1 ],
        "pnorm" : 0,
        "poolingType" : "MAX",
        "stride" : [ 2, 2 ]
      }
    },
    "leakyreluAlpha" : 0.0,
    "learningRateByParam" : { },
    "learningRatePolicy" : "None",
    "lrPolicyDecayRate" : "NaN",
    "lrPolicyPower" : "NaN",
    "lrPolicySteps" : "NaN",
    "maxNumLineSearchIterations" : 5,
    "miniBatch" : false,
    "minimize" : true,
    "numIterations" : 1,
    "optimizationAlgo" : "STOCHASTIC_GRADIENT_DESCENT",
    "pretrain" : false,
    "seed" : 42,
    "stepFunction" : null,
    "useDropConnect" : false,
    "useRegularization" : true,
    "variables" : [ ]
  }, {
    "cacheMode" : "NONE",
    "iterationCount" : 0,
    "l1ByParam" : {
      "b" : 0.0,
      "W" : 0.0
    },
    "l2ByParam" : {
      "b" : 0.0,
      "W" : 5.0E-4
    },
    "layer" : {
      "convolution" : {
        "activationFn" : {
          "ReLU" : { }
        },
        "adamMeanDecay" : "NaN",
        "adamVarDecay" : "NaN",
        "biasInit" : 1.0,
        "biasLearningRate" : 0.02,
        "convolutionMode" : "Truncate",
        "cudnnAlgoMode" : "PREFER_FASTEST",
        "cudnnBwdDataAlgo" : null,
        "cudnnBwdFilterAlgo" : null,
        "cudnnFwdAlgo" : null,
        "dist" : {
          "type" : "org.deeplearning4j.nn.conf.distribution.NormalDistribution",
          "mean" : 0.0,
          "std" : 0.01
        },
        "dropOut" : 0.5,
        "epsilon" : "NaN",
        "gradientNormalization" : "RenormalizeL2PerLayer",
        "gradientNormalizationThreshold" : 1.0,
        "iupdater" : {
          "@class" : "org.nd4j.linalg.learning.config.Nesterovs",
          "learningRate" : 0.01,
          "momentum" : 0.9
        },
        "kernelSize" : [ 5, 5 ],
        "l1" : 0.0,
        "l1Bias" : 0.0,
        "l2" : 5.0E-4,
        "l2Bias" : 0.0,
        "layerName" : "cnn2",
        "learningRate" : 0.01,
        "learningRateSchedule" : null,
        "momentum" : 0.9,
        "momentumSchedule" : { },
        "nin" : 64,
        "nout" : 192,
        "padding" : [ 2, 2 ],
        "rho" : "NaN",
        "rmsDecay" : "NaN",
        "stride" : [ 2, 2 ],
        "updater" : "NESTEROVS",
        "weightInit" : "DISTRIBUTION"
      }
    },
    "leakyreluAlpha" : 0.0,
    "learningRateByParam" : {
      "b" : 0.02,
      "W" : 0.01
    },
    "learningRatePolicy" : "None",
    "lrPolicyDecayRate" : "NaN",
    "lrPolicyPower" : "NaN",
    "lrPolicySteps" : "NaN",
    "maxNumLineSearchIterations" : 5,
    "miniBatch" : false,
    "minimize" : true,
    "numIterations" : 1,
    "optimizationAlgo" : "STOCHASTIC_GRADIENT_DESCENT",
    "pretrain" : false,
    "seed" : 42,
    "stepFunction" : null,
    "useDropConnect" : false,
    "useRegularization" : true,
    "variables" : [ "W", "b" ]
  }, {
    "cacheMode" : "NONE",
    "iterationCount" : 0,
    "l1ByParam" : { },
    "l2ByParam" : { },
    "layer" : {
      "subsampling" : {
        "convolutionMode" : "Same",
        "dropOut" : 0.5,
        "eps" : 1.0E-8,
        "kernelSize" : [ 3, 3 ],
        "layerName" : "maxpool2",
        "padding" : [ 0, 0 ],
        "pnorm" : 0,
        "poolingType" : "MAX",
        "stride" : [ 2, 2 ]
      }
    },
    "leakyreluAlpha" : 0.0,
    "learningRateByParam" : { },
    "learningRatePolicy" : "None",
    "lrPolicyDecayRate" : "NaN",
    "lrPolicyPower" : "NaN",
    "lrPolicySteps" : "NaN",
    "maxNumLineSearchIterations" : 5,
    "miniBatch" : false,
    "minimize" : true,
    "numIterations" : 1,
    "optimizationAlgo" : "STOCHASTIC_GRADIENT_DESCENT",
    "pretrain" : false,
    "seed" : 42,
    "stepFunction" : null,
    "useDropConnect" : false,
    "useRegularization" : true,
    "variables" : [ ]
  }, {
    "cacheMode" : "NONE",
    "iterationCount" : 0,
    "l1ByParam" : {
      "b" : 0.0,
      "W" : 0.0
    },
    "l2ByParam" : {
      "b" : 0.0,
      "W" : 5.0E-4
    },
    "layer" : {
      "convolution" : {
        "activationFn" : {
          "ReLU" : { }
        },
        "adamMeanDecay" : "NaN",
        "adamVarDecay" : "NaN",
        "biasInit" : 0.0,
        "biasLearningRate" : 0.02,
        "convolutionMode" : "Same",
        "cudnnAlgoMode" : "PREFER_FASTEST",
        "cudnnBwdDataAlgo" : null,
        "cudnnBwdFilterAlgo" : null,
        "cudnnFwdAlgo" : null,
        "dist" : {
          "type" : "org.deeplearning4j.nn.conf.distribution.NormalDistribution",
          "mean" : 0.0,
          "std" : 0.01
        },
        "dropOut" : 0.5,
        "epsilon" : "NaN",
        "gradientNormalization" : "RenormalizeL2PerLayer",
        "gradientNormalizationThreshold" : 1.0,
        "iupdater" : {
          "@class" : "org.nd4j.linalg.learning.config.Nesterovs",
          "learningRate" : 0.01,
          "momentum" : 0.9
        },
        "kernelSize" : [ 3, 3 ],
        "l1" : 0.0,
        "l1Bias" : 0.0,
        "l2" : 5.0E-4,
        "l2Bias" : 0.0,
        "layerName" : "cnn3",
        "learningRate" : 0.01,
        "learningRateSchedule" : null,
        "momentum" : 0.9,
        "momentumSchedule" : { },
        "nin" : 192,
        "nout" : 384,
        "padding" : [ 1, 1 ],
        "rho" : "NaN",
        "rmsDecay" : "NaN",
        "stride" : [ 1, 1 ],
        "updater" : "NESTEROVS",
        "weightInit" : "DISTRIBUTION"
      }
    },
    "leakyreluAlpha" : 0.0,
    "learningRateByParam" : {
      "b" : 0.02,
      "W" : 0.01
    },
    "learningRatePolicy" : "None",
    "lrPolicyDecayRate" : "NaN",
    "lrPolicyPower" : "NaN",
    "lrPolicySteps" : "NaN",
    "maxNumLineSearchIterations" : 5,
    "miniBatch" : false,
    "minimize" : true,
    "numIterations" : 1,
    "optimizationAlgo" : "STOCHASTIC_GRADIENT_DESCENT",
    "pretrain" : false,
    "seed" : 42,
    "stepFunction" : null,
    "useDropConnect" : false,
    "useRegularization" : true,
    "variables" : [ "W", "b" ]
  }, {
    "cacheMode" : "NONE",
    "iterationCount" : 0,
    "l1ByParam" : {
      "b" : 0.0,
      "W" : 0.0
    },
    "l2ByParam" : {
      "b" : 0.0,
      "W" : 5.0E-4
    },
    "layer" : {
      "convolution" : {
        "activationFn" : {
          "ReLU" : { }
        },
        "adamMeanDecay" : "NaN",
        "adamVarDecay" : "NaN",
        "biasInit" : 1.0,
        "biasLearningRate" : 0.02,
        "convolutionMode" : "Same",
        "cudnnAlgoMode" : "PREFER_FASTEST",
        "cudnnBwdDataAlgo" : null,
        "cudnnBwdFilterAlgo" : null,
        "cudnnFwdAlgo" : null,
        "dist" : {
          "type" : "org.deeplearning4j.nn.conf.distribution.NormalDistribution",
          "mean" : 0.0,
          "std" : 0.01
        },
        "dropOut" : 0.5,
        "epsilon" : "NaN",
        "gradientNormalization" : "RenormalizeL2PerLayer",
        "gradientNormalizationThreshold" : 1.0,
        "iupdater" : {
          "@class" : "org.nd4j.linalg.learning.config.Nesterovs",
          "learningRate" : 0.01,
          "momentum" : 0.9
        },
        "kernelSize" : [ 3, 3 ],
        "l1" : 0.0,
        "l1Bias" : 0.0,
        "l2" : 5.0E-4,
        "l2Bias" : 0.0,
        "layerName" : "cnn4",
        "learningRate" : 0.01,
        "learningRateSchedule" : null,
        "momentum" : 0.9,
        "momentumSchedule" : { },
        "nin" : 384,
        "nout" : 256,
        "padding" : [ 1, 1 ],
        "rho" : "NaN",
        "rmsDecay" : "NaN",
        "stride" : [ 1, 1 ],
        "updater" : "NESTEROVS",
        "weightInit" : "DISTRIBUTION"
      }
    },
    "leakyreluAlpha" : 0.0,
    "learningRateByParam" : {
      "b" : 0.02,
      "W" : 0.01
    },
    "learningRatePolicy" : "None",
    "lrPolicyDecayRate" : "NaN",
    "lrPolicyPower" : "NaN",
    "lrPolicySteps" : "NaN",
    "maxNumLineSearchIterations" : 5,
    "miniBatch" : false,
    "minimize" : true,
    "numIterations" : 1,
    "optimizationAlgo" : "STOCHASTIC_GRADIENT_DESCENT",
    "pretrain" : false,
    "seed" : 42,
    "stepFunction" : null,
    "useDropConnect" : false,
    "useRegularization" : true,
    "variables" : [ "W", "b" ]
  }, {
    "cacheMode" : "NONE",
    "iterationCount" : 0,
    "l1ByParam" : {
      "b" : 0.0,
      "W" : 0.0
    },
    "l2ByParam" : {
      "b" : 0.0,
      "W" : 5.0E-4
    },
    "layer" : {
      "convolution" : {
        "activationFn" : {
          "ReLU" : { }
        },
        "adamMeanDecay" : "NaN",
        "adamVarDecay" : "NaN",
        "biasInit" : 1.0,
        "biasLearningRate" : 0.02,
        "convolutionMode" : "Same",
        "cudnnAlgoMode" : "PREFER_FASTEST",
        "cudnnBwdDataAlgo" : null,
        "cudnnBwdFilterAlgo" : null,
        "cudnnFwdAlgo" : null,
        "dist" : {
          "type" : "org.deeplearning4j.nn.conf.distribution.NormalDistribution",
          "mean" : 0.0,
          "std" : 0.01
        },
        "dropOut" : 0.5,
        "epsilon" : "NaN",
        "gradientNormalization" : "RenormalizeL2PerLayer",
        "gradientNormalizationThreshold" : 1.0,
        "iupdater" : {
          "@class" : "org.nd4j.linalg.learning.config.Nesterovs",
          "learningRate" : 0.01,
          "momentum" : 0.9
        },
        "kernelSize" : [ 3, 3 ],
        "l1" : 0.0,
        "l1Bias" : 0.0,
        "l2" : 5.0E-4,
        "l2Bias" : 0.0,
        "layerName" : "cnn5",
        "learningRate" : 0.01,
        "learningRateSchedule" : null,
        "momentum" : 0.9,
        "momentumSchedule" : { },
        "nin" : 256,
        "nout" : 256,
        "padding" : [ 1, 1 ],
        "rho" : "NaN",
        "rmsDecay" : "NaN",
        "stride" : [ 1, 1 ],
        "updater" : "NESTEROVS",
        "weightInit" : "DISTRIBUTION"
      }
    },
    "leakyreluAlpha" : 0.0,
    "learningRateByParam" : {
      "b" : 0.02,
      "W" : 0.01
    },
    "learningRatePolicy" : "None",
    "lrPolicyDecayRate" : "NaN",
    "lrPolicyPower" : "NaN",
    "lrPolicySteps" : "NaN",
    "maxNumLineSearchIterations" : 5,
    "miniBatch" : false,
    "minimize" : true,
    "numIterations" : 1,
    "optimizationAlgo" : "STOCHASTIC_GRADIENT_DESCENT",
    "pretrain" : false,
    "seed" : 42,
    "stepFunction" : null,
    "useDropConnect" : false,
    "useRegularization" : true,
    "variables" : [ "W", "b" ]
  }, {
    "cacheMode" : "NONE",
    "iterationCount" : 0,
    "l1ByParam" : { },
    "l2ByParam" : { },
    "layer" : {
      "subsampling" : {
        "convolutionMode" : "Same",
        "dropOut" : 0.5,
        "eps" : 1.0E-8,
        "kernelSize" : [ 3, 3 ],
        "layerName" : "maxpool3",
        "padding" : [ 0, 0 ],
        "pnorm" : 0,
        "poolingType" : "MAX",
        "stride" : [ 7, 7 ]
      }
    },
    "leakyreluAlpha" : 0.0,
    "learningRateByParam" : { },
    "learningRatePolicy" : "None",
    "lrPolicyDecayRate" : "NaN",
    "lrPolicyPower" : "NaN",
    "lrPolicySteps" : "NaN",
    "maxNumLineSearchIterations" : 5,
    "miniBatch" : false,
    "minimize" : true,
    "numIterations" : 1,
    "optimizationAlgo" : "STOCHASTIC_GRADIENT_DESCENT",
    "pretrain" : false,
    "seed" : 42,
    "stepFunction" : null,
    "useDropConnect" : false,
    "useRegularization" : true,
    "variables" : [ ]
  }, {
    "cacheMode" : "NONE",
    "iterationCount" : 0,
    "l1ByParam" : {
      "b" : 0.0,
      "W" : 0.0
    },
    "l2ByParam" : {
      "b" : 0.0,
      "W" : 5.0E-4
    },
    "layer" : {
      "dense" : {
        "activationFn" : {
          "ReLU" : { }
        },
        "adamMeanDecay" : "NaN",
        "adamVarDecay" : "NaN",
        "biasInit" : 1.0,
        "biasLearningRate" : 0.02,
        "dist" : {
          "type" : "org.deeplearning4j.nn.conf.distribution.GaussianDistribution",
          "mean" : 0.0,
          "std" : 0.005
        },
        "dropOut" : 0.5,
        "epsilon" : "NaN",
        "gradientNormalization" : "RenormalizeL2PerLayer",
        "gradientNormalizationThreshold" : 1.0,
        "iupdater" : {
          "@class" : "org.nd4j.linalg.learning.config.Nesterovs",
          "learningRate" : 0.02,
          "momentum" : 0.9
        },
        "l1" : 0.0,
        "l1Bias" : 0.0,
        "l2" : 5.0E-4,
        "l2Bias" : 0.0,
        "layerName" : "ffn1",
        "learningRate" : 0.01,
        "learningRateSchedule" : null,
        "momentum" : 0.9,
        "momentumSchedule" : { },
        "nin" : 256,
        "nout" : 4096,
        "rho" : "NaN",
        "rmsDecay" : "NaN",
        "updater" : "NESTEROVS",
        "weightInit" : "DISTRIBUTION"
      }
    },
    "leakyreluAlpha" : 0.0,
    "learningRateByParam" : {
      "b" : 0.02,
      "W" : 0.01
    },
    "learningRatePolicy" : "None",
    "lrPolicyDecayRate" : "NaN",
    "lrPolicyPower" : "NaN",
    "lrPolicySteps" : "NaN",
    "maxNumLineSearchIterations" : 5,
    "miniBatch" : false,
    "minimize" : true,
    "numIterations" : 1,
    "optimizationAlgo" : "STOCHASTIC_GRADIENT_DESCENT",
    "pretrain" : false,
    "seed" : 42,
    "stepFunction" : null,
    "useDropConnect" : false,
    "useRegularization" : true,
    "variables" : [ "W", "b" ]
  }, {
    "cacheMode" : "NONE",
    "iterationCount" : 0,
    "l1ByParam" : {
      "b" : 0.0,
      "W" : 0.0
    },
    "l2ByParam" : {
      "b" : 0.0,
      "W" : 5.0E-4
    },
    "layer" : {
      "dense" : {
        "activationFn" : {
          "ReLU" : { }
        },
        "adamMeanDecay" : "NaN",
        "adamVarDecay" : "NaN",
        "biasInit" : 1.0,
        "biasLearningRate" : 0.02,
        "dist" : {
          "type" : "org.deeplearning4j.nn.conf.distribution.GaussianDistribution",
          "mean" : 0.0,
          "std" : 0.005
        },
        "dropOut" : 0.5,
        "epsilon" : "NaN",
        "gradientNormalization" : "RenormalizeL2PerLayer",
        "gradientNormalizationThreshold" : 1.0,
        "iupdater" : {
          "@class" : "org.nd4j.linalg.learning.config.Nesterovs",
          "learningRate" : 0.02,
          "momentum" : 0.9
        },
        "l1" : 0.0,
        "l1Bias" : 0.0,
        "l2" : 5.0E-4,
        "l2Bias" : 0.0,
        "layerName" : "ffn2",
        "learningRate" : 0.01,
        "learningRateSchedule" : null,
        "momentum" : 0.9,
        "momentumSchedule" : { },
        "nin" : 4096,
        "nout" : 4096,
        "rho" : "NaN",
        "rmsDecay" : "NaN",
        "updater" : "NESTEROVS",
        "weightInit" : "DISTRIBUTION"
      }
    },
    "leakyreluAlpha" : 0.0,
    "learningRateByParam" : {
      "b" : 0.02,
      "W" : 0.01
    },
    "learningRatePolicy" : "None",
    "lrPolicyDecayRate" : "NaN",
    "lrPolicyPower" : "NaN",
    "lrPolicySteps" : "NaN",
    "maxNumLineSearchIterations" : 5,
    "miniBatch" : false,
    "minimize" : true,
    "numIterations" : 1,
    "optimizationAlgo" : "STOCHASTIC_GRADIENT_DESCENT",
    "pretrain" : false,
    "seed" : 42,
    "stepFunction" : null,
    "useDropConnect" : false,
    "useRegularization" : true,
    "variables" : [ "W", "b" ]
  }, {
    "cacheMode" : "NONE",
    "iterationCount" : 0,
    "l1ByParam" : {
      "b" : 0.0,
      "W" : 0.0
    },
    "l2ByParam" : {
      "b" : 0.0,
      "W" : 5.0E-4
    },
    "layer" : {
      "output" : {
        "activationFn" : {
          "Softmax" : { }
        },
        "adamMeanDecay" : "NaN",
        "adamVarDecay" : "NaN",
        "biasInit" : 0.0,
        "biasLearningRate" : 0.02,
        "dist" : {
          "type" : "org.deeplearning4j.nn.conf.distribution.NormalDistribution",
          "mean" : 0.0,
          "std" : 0.01
        },
        "dropOut" : 0.5,
        "epsilon" : "NaN",
        "gradientNormalization" : "RenormalizeL2PerLayer",
        "gradientNormalizationThreshold" : 1.0,
        "iupdater" : {
          "@class" : "org.nd4j.linalg.learning.config.Nesterovs",
          "learningRate" : 0.02,
          "momentum" : 0.9
        },
        "l1" : 0.0,
        "l1Bias" : 0.0,
        "l2" : 5.0E-4,
        "l2Bias" : 0.0,
        "layerName" : "output",
        "learningRate" : 0.01,
        "learningRateSchedule" : null,
        "lossFn" : {
          "NegativeLogLikelihood" : {
            "softmaxClipEps" : 1.0E-10
          }
        },
        "lossFunction" : "NEGATIVELOGLIKELIHOOD",
        "momentum" : 0.9,
        "momentumSchedule" : { },
        "nin" : 4096,
        "nout" : 2,
        "rho" : "NaN",
        "rmsDecay" : "NaN",
        "updater" : "NESTEROVS",
        "weightInit" : "DISTRIBUTION"
      }
    },
    "leakyreluAlpha" : 0.0,
    "learningRateByParam" : {
      "b" : 0.02,
      "W" : 0.01
    },
    "learningRatePolicy" : "None",
    "lrPolicyDecayRate" : "NaN",
    "lrPolicyPower" : "NaN",
    "lrPolicySteps" : "NaN",
    "maxNumLineSearchIterations" : 5,
    "miniBatch" : false,
    "minimize" : true,
    "numIterations" : 1,
    "optimizationAlgo" : "STOCHASTIC_GRADIENT_DESCENT",
    "pretrain" : false,
    "seed" : 42,
    "stepFunction" : null,
    "useDropConnect" : false,
    "useRegularization" : true,
    "variables" : [ "W", "b" ]
  } ],
  "inferenceWorkspaceMode" : "SINGLE",
  "inputPreProcessors" : {
    "0" : {
      "feedForwardToCnn" : {
        "inputHeight" : 100,
        "inputWidth" : 100,
        "numChannels" : 3
      }
    },
    "8" : {
      "cnnToFeedForward" : {
        "inputHeight" : 1,
        "inputWidth" : 1,
        "numChannels" : 256
      }
    }
  },
  "iterationCount" : 1000,
  "pretrain" : false,
  "tbpttBackLength" : 20,
  "tbpttFwdLength" : 20,
  "trainingWorkspaceMode" : "SINGLE"
}